INSERT INTO ROLE VALUES (1, '村人');
INSERT INTO ROLE VALUES (2, '人狼');
INSERT INTO ROLE VALUES (3, '占い師');
INSERT INTO ROLE VALUES (4, '怪盗');
INSERT INTO ROLE VALUES (5, '狂人');
INSERT INTO ROLE VALUES (6, '吊り人');

INSERT INTO RULE VALUES (1, 'デフォルト3人');

INSERT INTO ROLE_SELECT(ROLE_ID, RULE_ID) VALUES (1, 1);
INSERT INTO ROLE_SELECT(ROLE_ID, RULE_ID) VALUES (2, 1);
INSERT INTO ROLE_SELECT(ROLE_ID, RULE_ID) VALUES (3, 1);
INSERT INTO ROLE_SELECT(ROLE_ID, RULE_ID) VALUES (4, 1);
INSERT INTO ROLE_SELECT(ROLE_ID, RULE_ID) VALUES (5, 1);


INSERT INTO RULE VALUES (2, 'デフォルト4人');

INSERT INTO ROLE_SELECT(ROLE_ID, RULE_ID) VALUES (1, 2);
INSERT INTO ROLE_SELECT(ROLE_ID, RULE_ID) VALUES (2, 2);
INSERT INTO ROLE_SELECT(ROLE_ID, RULE_ID) VALUES (3, 2);
INSERT INTO ROLE_SELECT(ROLE_ID, RULE_ID) VALUES (4, 2);
INSERT INTO ROLE_SELECT(ROLE_ID, RULE_ID) VALUES (5, 2);
INSERT INTO ROLE_SELECT(ROLE_ID, RULE_ID) VALUES (6, 2);


INSERT INTO RULE VALUES (3, 'デフォルト5人');

INSERT INTO ROLE_SELECT(ROLE_ID, RULE_ID) VALUES (1, 3);
INSERT INTO ROLE_SELECT(ROLE_ID, RULE_ID) VALUES (2, 3);
INSERT INTO ROLE_SELECT(ROLE_ID, RULE_ID) VALUES (3, 3);
INSERT INTO ROLE_SELECT(ROLE_ID, RULE_ID) VALUES (4, 3);
INSERT INTO ROLE_SELECT(ROLE_ID, RULE_ID) VALUES (5, 3);
INSERT INTO ROLE_SELECT(ROLE_ID, RULE_ID) VALUES (6, 3);
INSERT INTO ROLE_SELECT(ROLE_ID, RULE_ID) VALUES (1, 3);


INSERT INTO RULE VALUES (4, 'デフォルト6人');

INSERT INTO ROLE_SELECT(ROLE_ID, RULE_ID) VALUES (1, 4);
INSERT INTO ROLE_SELECT(ROLE_ID, RULE_ID) VALUES (2, 4);
INSERT INTO ROLE_SELECT(ROLE_ID, RULE_ID) VALUES (3, 4);
INSERT INTO ROLE_SELECT(ROLE_ID, RULE_ID) VALUES (4, 4);
INSERT INTO ROLE_SELECT(ROLE_ID, RULE_ID) VALUES (5, 4);
INSERT INTO ROLE_SELECT(ROLE_ID, RULE_ID) VALUES (6, 4);
INSERT INTO ROLE_SELECT(ROLE_ID, RULE_ID) VALUES (1, 4);
INSERT INTO ROLE_SELECT(ROLE_ID, RULE_ID) VALUES (2, 4);

INSERT INTO RULE VALUES (5, 'デフォルト7人');

INSERT INTO ROLE_SELECT(ROLE_ID, RULE_ID) VALUES (1, 5);
INSERT INTO ROLE_SELECT(ROLE_ID, RULE_ID) VALUES (2, 5);
INSERT INTO ROLE_SELECT(ROLE_ID, RULE_ID) VALUES (3, 5);
INSERT INTO ROLE_SELECT(ROLE_ID, RULE_ID) VALUES (4, 5);
INSERT INTO ROLE_SELECT(ROLE_ID, RULE_ID) VALUES (5, 5);
INSERT INTO ROLE_SELECT(ROLE_ID, RULE_ID) VALUES (6, 5);
INSERT INTO ROLE_SELECT(ROLE_ID, RULE_ID) VALUES (1, 5);
INSERT INTO ROLE_SELECT(ROLE_ID, RULE_ID) VALUES (2, 5);
INSERT INTO ROLE_SELECT(ROLE_ID, RULE_ID) VALUES (3, 5);


INSERT INTO RULE VALUES (6, 'デフォルト8人');

INSERT INTO ROLE_SELECT(ROLE_ID, RULE_ID) VALUES (1, 6);
INSERT INTO ROLE_SELECT(ROLE_ID, RULE_ID) VALUES (2, 6);
INSERT INTO ROLE_SELECT(ROLE_ID, RULE_ID) VALUES (3, 6);
INSERT INTO ROLE_SELECT(ROLE_ID, RULE_ID) VALUES (4, 6);
INSERT INTO ROLE_SELECT(ROLE_ID, RULE_ID) VALUES (5, 6);
INSERT INTO ROLE_SELECT(ROLE_ID, RULE_ID) VALUES (6, 6);
INSERT INTO ROLE_SELECT(ROLE_ID, RULE_ID) VALUES (1, 6);
INSERT INTO ROLE_SELECT(ROLE_ID, RULE_ID) VALUES (2, 6);
INSERT INTO ROLE_SELECT(ROLE_ID, RULE_ID) VALUES (3, 6);
INSERT INTO ROLE_SELECT(ROLE_ID, RULE_ID) VALUES (4, 6);


INSERT INTO RULE VALUES (7, 'デフォルト9人');

INSERT INTO ROLE_SELECT(ROLE_ID, RULE_ID) VALUES (1, 7);
INSERT INTO ROLE_SELECT(ROLE_ID, RULE_ID) VALUES (2, 7);
INSERT INTO ROLE_SELECT(ROLE_ID, RULE_ID) VALUES (3, 7);
INSERT INTO ROLE_SELECT(ROLE_ID, RULE_ID) VALUES (4, 7);
INSERT INTO ROLE_SELECT(ROLE_ID, RULE_ID) VALUES (5, 7);
INSERT INTO ROLE_SELECT(ROLE_ID, RULE_ID) VALUES (6, 7);
INSERT INTO ROLE_SELECT(ROLE_ID, RULE_ID) VALUES (1, 7);
INSERT INTO ROLE_SELECT(ROLE_ID, RULE_ID) VALUES (2, 7);
INSERT INTO ROLE_SELECT(ROLE_ID, RULE_ID) VALUES (3, 7);
INSERT INTO ROLE_SELECT(ROLE_ID, RULE_ID) VALUES (4, 7);
INSERT INTO ROLE_SELECT(ROLE_ID, RULE_ID) VALUES (5, 7);


INSERT INTO RULE VALUES (8, 'デフォルト10人');

INSERT INTO ROLE_SELECT(ROLE_ID, RULE_ID) VALUES (1, 8);
INSERT INTO ROLE_SELECT(ROLE_ID, RULE_ID) VALUES (2, 8);
INSERT INTO ROLE_SELECT(ROLE_ID, RULE_ID) VALUES (3, 8);
INSERT INTO ROLE_SELECT(ROLE_ID, RULE_ID) VALUES (4, 8);
INSERT INTO ROLE_SELECT(ROLE_ID, RULE_ID) VALUES (5, 8);
INSERT INTO ROLE_SELECT(ROLE_ID, RULE_ID) VALUES (6, 8);
INSERT INTO ROLE_SELECT(ROLE_ID, RULE_ID) VALUES (1, 8);
INSERT INTO ROLE_SELECT(ROLE_ID, RULE_ID) VALUES (2, 8);
INSERT INTO ROLE_SELECT(ROLE_ID, RULE_ID) VALUES (3, 8);
INSERT INTO ROLE_SELECT(ROLE_ID, RULE_ID) VALUES (4, 8);
INSERT INTO ROLE_SELECT(ROLE_ID, RULE_ID) VALUES (5, 8);
INSERT INTO ROLE_SELECT(ROLE_ID, RULE_ID) VALUES (1, 8);


INSERT INTO TEMPLATE_RULE(RULE_ID, TEMPLATE_RULE_NAME) VALUES (1, '3人用ルール');
INSERT INTO TEMPLATE_RULE(RULE_ID, TEMPLATE_RULE_NAME) VALUES (2, '4人用ルール');
INSERT INTO TEMPLATE_RULE(RULE_ID, TEMPLATE_RULE_NAME) VALUES (3, '5人用ルール');
INSERT INTO TEMPLATE_RULE(RULE_ID, TEMPLATE_RULE_NAME) VALUES (4, '6人用ルール');
INSERT INTO TEMPLATE_RULE(RULE_ID, TEMPLATE_RULE_NAME) VALUES (5, '7人用ルール');
INSERT INTO TEMPLATE_RULE(RULE_ID, TEMPLATE_RULE_NAME) VALUES (6, '8人用ルール');
INSERT INTO TEMPLATE_RULE(RULE_ID, TEMPLATE_RULE_NAME) VALUES (7, '9人用ルール');
INSERT INTO TEMPLATE_RULE(RULE_ID, TEMPLATE_RULE_NAME) VALUES (8, '10人用ルール');